{"cameraMode":{"drawMode":0,"name":"Shaded","section":"Shading Mode"},"sceneLighting":true,"audioPlay":false,"sceneViewState":{"m_AlwaysRefresh":false,"showFog":true,"showSkybox":true,"showFlares":true,"showImageEffects":true,"showParticleSystems":true,"showVisualEffectGraphs":true,"m_FxEnabled":true},"in2DMode":false,"pivot":{"x":-2.6944565773010256,"y":-4.2801408767700199,"z":-5.844806671142578},"rotation":{"x":0.022234821692109109,"y":0.9536893367767334,"z":-0.2911667823791504,"w":0.07317283004522324},"size":4.890127658843994,"orthographic":false}